"","Identifier_1","SampleIDLong","SampleID","bottom.depth","depth.range","date.collection","who.collected","siteID.1","siteID.2","approx.water.content","target.mass.to.distill","date.distilled","distiller","mass.distilled.g","comments","N.Picarro","Session","Identifier_2","d18O.sd","d18O.se","d18O.2se","d18O.mean","d2H.sd","d2H.se","d2H.2se","d2H.mean","d_excess.sd","d_excess.mean","Water.Type","N.IRMS","D17O_pmg","dp17O","dp18O","dp17O_sd","dp18O_sd","D17O_sd","dp17O_se","dp18O_se","D17O_se","D17O_sd_for_err","D17O_err","d18O_IRMS"
"1","sw10","NG-O-15-Aug21sw","NG-O-15",15,NA,2021-08-17,"Julia&Naomi","REY","NancyGulch",0.05,"36",2022-06-15,"Julia",NA,NA,1,"HIDS2220_IsoWater_20220710_145042","CZ17O-sw",NA,0.202679291,0.405358581,-0.311149897,NA,0.775284849,1.550569699,-91.02467103,NA,-88.53547185,"soil",NA,NA,NA,NA,NA,NA,NA,NA,NA,NA,NA,NA,NA
"2","sw100","MOJ-PJ-24-May22sw","MOJ-PJ-25",24,"14 to 24",2022-05-16,"Julia, Miriam","MOJ","PJ",0.06,"25",2022-10-20,"Miriam","14.4","filled 1 insert",1,"HIDS2220_IsoWater_20221114_200139","CZ17O-sw",NA,0.173657165,0.347314329,-1.340660783,NA,0.376928928,0.753857856,-54.25665616,NA,-43.5313699,"soil",2,-3.15192685664545,-0.7023911358858,-1.32431668376734,0.0295476390560897,0.0462983834424127,5.1020925984958,0.0208933359446135,0.032737900890105,3.60772427463807,8.3,5.86898628384834,-1.3234401634008
"3","sw102","MOJ-CRS-31-May22sw","MOJ-CRS-32",31,"25 to 31",2022-05-15,"Julia, Miriam","MOJ","CRS",0.05,"25",2022-10-22,"Miriam","25.4","filled 3/4 insert",1,"HIDS2220_IsoWater_20221114_200139","CZ17O-sw",NA,0.19836704,0.396734081,8.012310861,NA,0.525468045,1.050936089,-24.53989643,NA,-88.63838331,"soil",NA,NA,NA,NA,NA,NA,NA,NA,NA,NA,NA,NA,NA
"4","sw103","ESGR-25-Oct22sw","ESGR-25-Oct22",25,NA,2022-10-09,"Matthew and Miriam","ESGR","marker 4",0.3,"9",2022-10-25,"Miriam","11","filled 1 insert",1,"HIDS2220_IsoWater_20221114_200139","CZ17O-sw",NA,0.175240925,0.35048185,-6.983253604,NA,0.387903613,0.775807226,-34.864113,NA,21.00191584,"soil",NA,NA,NA,NA,NA,NA,NA,NA,NA,NA,NA,NA,NA
"5","sw104","ESGR-10-Mar21sw","ESGR-10-Mar21",10,"10",2021-03-22,"Julia Tyler","ESGR",NA,0.3,"8.58",2022-10-25,"Matthew","9","filled 1 vial",1,"HIDS2220_IsoWater_20221114_200139","CZ17O-sw",NA,0.175419755,0.350839511,-10.22950786,NA,0.456103043,0.912206087,-73.49199543,NA,8.344067425,"soil",NA,NA,NA,NA,NA,NA,NA,NA,NA,NA,NA,NA,NA
"6","sw105","ESGR-50-Oct22sw","ESGR-50-Oct22",50,NA,2022-10-09,"Matthew and Miriam","ESGR","marker 4",0.3,"9",2022-10-27,"Miriam","11.6","filled 2 inserts",1,"HIDS2220_IsoWater_20221114_200139","CZ17O-sw",NA,0.173613044,0.347226089,-9.385966249,Inf,0.408706898,0.817413797,-60.52018667,NA,14.56754332,"soil",NA,NA,NA,NA,NA,NA,NA,NA,NA,NA,NA,NA,NA
"7","sw106","MOJ-JT-22-Oct21sw","MOJ-JT-22",22,"15-22",2021-10-16,"Julia, Naomi and Ron","MOJ","JT",0.05,"25",2022-10-28,"Miriam","25.1","filled 1 insert, tube was too short so I wonder if I cut some of the distillation off.",1,"HIDS2220_IsoWater_20221114_200139","CZ17O-sw",NA,0.201644266,0.403288532,8.609032803,NA,0.498155499,0.996310998,-23.67801115,NA,-92.55027357,"soil",2,-148.124895765577,4.95224345411343,9.6597885414375,0.0112281547106677,0.0171347407148169,2.18101161324125,0.00793950433612478,0.0121160913533203,1.5422081015695,8.3,5.86898628384834,9.70659489051551
"8","sw107","MOJ-CRS-15-Oct21sw","MOJ-CRS-15",15,"14-15",2021-10-17,"Julia, Naomi and Ron","MOJ","CRS",0.04,"25",2022-10-31,"Miriam","24.4","filled ~1 insert, the wool moved upward like it was going to explode but didn't, but a little soil ended up getting through",1,"HIDS2220_IsoWater_20221114_200139","CZ17O-sw",NA,0.181479351,0.362958702,7.592760754,NA,0.479741964,0.959483928,-18.79896937,NA,-79.5410554,"soil",2,-56.4859651564482,3.76260648166412,7.23312963412988,0.00945376276007099,0.0133452887408604,2.40745030489814,0.00668481975537505,0.00943654416555484,1.7023244359631,8.3,5.86898628384834,7.2593519011741
"9","sw108","JOR-CSAND-2-24-Mar22sw","JOR-CSAND-2-24",24,NA,2022-03-22,"Julia, Christian Leach, Elizabeth","JOR","CSAND",0.04,"25",2022-11-03,"Miriam","25","filled 2 inserts, parafilm tight was on the vial but the lid was partially unscrewed",2,"HIDS2220_IsoWater_20221114_200139","CZ17O-sw",0.242971944,0.171807109,0.343614218,2.796132775,2.204461668,1.558789794,3.117579588,-38.86404049,4.148237219,-61.2331027,"soil",NA,NA,NA,NA,NA,NA,NA,NA,NA,NA,NA,NA,NA
"10","sw109","JOR-CSAND-4-19-Sep22sw","JOR-CSAND-4-19",19,"10 to 19",2022-09-09,"Christian Leach","JOR","CSAND",0.05,"25",2022-10-08,"Matthew","28","Mini soil explosion, filtered two inserts",1,"HIDS2220_IsoWater_20221114_200139","CZ17O-sw",NA,0.174133558,0.348267116,-2.514320852,Inf,0.372124487,0.744248974,-49.22439033,NA,-29.10982352,"soil",NA,NA,NA,NA,NA,NA,NA,NA,NA,NA,NA,NA,NA
"11","sw11","NG-J-20-Aug21sw","NG-J-20",20,"15-20",2021-08-17,"Julia&Naomi","REY","NancyGulch",0.05,"36",2022-07-05,"Julia",NA,"1.5mL of water in 2mL vial",1,"HIDS2220_IsoWater_20220710_145042","CZ17O-sw",NA,0.20035376,0.40070752,-3.315999766,NA,0.367723714,0.735447427,-91.39193461,NA,-64.86393648,"soil",2,-47.2492070839807,-2.07001591537355,-3.83099755357873,0.169963235310529,0.319195911472527,1.42779405303264,0.12018215624048,0.225705593529245,1.0096028570372,8.3,5.86898628384834,-3.82366864444905
"12","sw110","ESGR-13-Nov22sw","ESGR-13-Nov22",10,NA,2022-11-12,"Matthew, Miriam, Julia","ESGR","marker 5",0.3,"9",2023-01-18,"Miriam","10.2","filled 2 inserts",2,"HIDS2220_IsoWater_20230321_192346_KA","CZ17O-sw",0.09699898,0.068588636,0.137177272,-6.250204122,0.004556598,0.003222001,0.006444003,-54.59302711,0.780548434,-4.591394134,"soil",NA,NA,NA,NA,NA,NA,NA,NA,NA,NA,NA,NA,NA
"13","sw111","ESGR-20-Nov22sw","ESGR-20-Nov22",20,NA,2022-11-12,"Matthew, Miriam, Julia","ESGR","marker 5",0.3,"9",2023-01-20,"Miriam","10.6","filled 2.5 inserts",2,"HIDS2220_IsoWater_20230321_192346_KA","CZ17O-sw",0.015743714,0.011132487,0.022264974,-6.529061021,0.274226995,0.193907767,0.387815535,-58.46195528,0.400176706,-6.22946712,"soil",NA,NA,NA,NA,NA,NA,NA,NA,NA,NA,NA,NA,NA
"14","sw112","ESGR-51-Nov22sw","ESGR-51-Nov22",51,NA,2022-11-12,"Matthew, Miriam, Julia","ESGR","marker 5",0.3,"9",2023-01-25,"Miriam","10.2","filled 1.5 inserts",2,"HIDS2220_IsoWater_20230321_192346_KA","CZ17O-sw",0.025057824,0.017718557,0.035437115,-7.699095617,0.211929218,0.149856587,0.299713174,-53.31957764,0.412391812,8.273187296,"soil",NA,NA,NA,NA,NA,NA,NA,NA,NA,NA,NA,NA,NA
"15","sw113","MOJ-CRS-23-May22sw","MOJ-CRS-23",23,"11 to 23",2022-05-15,"Julia, Miriam","MOJ","CRS",0.05,"25",2023-01-30,"Miriam","25.3","filled 3/4 insert",1,"HIDS2220_IsoWater_20230403_201319","CZ17O-sw",Inf,0.177095948,0.354191895,9.752550207,Inf,0.569186263,1.138372526,-26.70832597,NA,-104.7287276,"soil",2,-56.6596866888287,4.93260765996241,9.44936997471824,0.00630909927496265,0.0130960163523124,0.605597359062139,0.00446120688050522,0.00926028196925,0.428221999261503,8.3,5.86898628384834,9.49415622731498
"16","sw114","MOJ-CRS-64-Sep22sw","MOJ-CRS-64",64,"46 to 64",2022-09-16,"Julia, Jane, Keith Kelson","MOJ","CRS",0.01,"25",2023-02-03,"Miriam","25.9","filled 1 insert, very small amount of soil on water tube",1,"HIDS2220_IsoWater_20230321_192346_KA","CZ17O-sw",NA,0.195596221,0.391192441,3.993509524,NA,0.544020815,1.08804163,-33.69548194,NA,-65.64355813,"soil",NA,NA,NA,NA,NA,NA,NA,NA,NA,NA,NA,NA,NA
"17","sw115","JOR-CSAND-4-19-Sep22sw","JOR-CSAND-4-19",19,"10 to 19",2022-09-09,"Christian Leach","JOR","CSAND",0.05,"25",2023-02-03,"Miriam","24.4","filled 2.5 inserts",1,"HIDS2220_IsoWater_20230321_192346_KA","CZ17O-sw",NA,0.183384613,0.366769226,-2.729495904,NA,0.54437248,1.08874496,-48.80649983,NA,-26.97053259,"soil",2,12.6099191464995,-1.77785298150976,-3.39102822093988,0.0106785085516991,0.0280581803012801,4.13621064738037,0.00755084580986498,0.01984012955879,2.92474259717866,8.3,5.86898628384834,-3.38528517818293
"18","sw116","ESGR-10-oOct22sw","ESGR-10-Oct22",10,NA,2022-10-09,"Matthew and Miriam","ESGR","marker 4",0.3,"9",2023-02-10,"Miriam","10.2","filled 3/4 vial",1,"HIDS2220_IsoWater_20230321_192346_KA","CZ17O-sw",NA,0.187566733,0.375133466,-3.433952834,Inf,0.577666846,1.155333692,-32.78431689,NA,-5.312694223,"soil",NA,NA,NA,NA,NA,NA,NA,NA,NA,NA,NA,NA,NA
"20","sw118","NG-D-20-Aug22","NG-D-20",20,"12 to 20",2022-08-19,"Scott Robbins","REY","NancyGulch",0.15,"7",2023-02-17,"Miriam","7.5","2 1/2 inserts filled, no condensation",1,"HIDS2220_IsoWater_20230801_165708","CZ17O-sw",Inf,0.183980464,0.367960929,-5.887537943,NA,0.497904469,0.995808937,-74.48115274,NA,-27.3808492,"soil",NA,NA,NA,NA,NA,NA,NA,NA,NA,NA,NA,NA,NA
"21","sw119","NG-E-26.5-Mar22sw","NG-E-26.5",26.5,"17.5-26.5",2022-03-18,"Kyle LaCoursiere","REY","NancyGulch",0.1,"10",2023-02-17,"Miriam","9.6","filled 3 inserts, glass wool felt wet at the end, ended 1900 Mtorr",1,"HIDS2220_IsoWater_20230801_165708","CZ17O-sw",NA,0.187261532,0.374523064,-6.065268594,NA,0.43328999,0.86657998,-94.13411797,NA,-45.61196922,"soil",NA,NA,NA,NA,NA,NA,NA,NA,NA,NA,NA,NA,NA
"22","sw12","EGSR-25-Sep21sw","EGSR-25-Sep21",25,"15 to 25",2021-09-03,"Julia Margaret Natalie","ESGR",NA,0.3,NA,2022-07-06,"Julia",NA,"1.1g of water in 2mL vial",1,"HIDS2220_IsoWater_20220710_145042","CZ17O-sw",NA,0.191092503,0.382185006,-1.500559749,Inf,0.755713263,1.511426526,-12.00577245,NA,-0.001294459,"soil",2,-6.69961433732901,-1.04418905118884,-1.96494211524907,0.0802976134293268,0.154927293821085,1.50399770820689,0.056778986968973,0.10955014005177,1.06348697836212,8.3,5.86898628384834,-1.96301288030942
"23","sw120","MOJ-CRS-5-Jan23sw","MOJ-CRS-5",5,"0 to 5",2023-01-16,"Julia Kelson, Daeun Lee","MOJ","CRS",0.1,"25",2023-03-24,"Miriam","12.8","Unscrewed, reparafilmed after shipping, 12.8g soil because water condensed on the inside of the soil tube when I poured it into the soil tube, filled 2.5 inserts",1,"HIDS2220_IsoWater_20230801_165708","CZ17O-sw",NA,0.183569384,0.367138768,-8.819973439,Inf,0.428983235,0.857966471,-70.06028669,NA,0.499500822,"soil",NA,NA,NA,NA,NA,NA,NA,NA,NA,NA,NA,NA,NA
"24","sw121","MOJ-JT-64-Jan23sw","MOJ-JT-64",64,"58 to 64",2023-01-16,"Julia Kelson, Daeun Lee","MOJ","JT",0.1,"25",2023-03-24,"Miriam","15.3","change above this horizon from saturated with new? rain water to dry soil, Unscrewed, reparafilmed after shipping, water condensed on tube right when soil went into tube, filled 1 insert",1,"HIDS2220_IsoWater_20230801_165708","CZ17O-sw",NA,0.203143356,0.406286712,-0.91661124,NA,0.501492719,1.002985437,-53.54236757,NA,-46.20947764,"soil",NA,NA,NA,NA,NA,NA,NA,NA,NA,NA,NA,NA,NA
"25","sw122","MOJ-CRS-22-Jan23sw","MOJ-CRS-22",22,"0 to 22",2023-01-16,"Julia Kelson, Daeun Lee","MOJ","CRS",0.1,"25",2023-03-31,"Miriam","19","Unscrewed, reparafilmed after shipping, filled 2 inserts",1,"HIDS2220_IsoWater_20230801_165708","CZ17O-sw",NA,0.180161946,0.360323892,-5.465217207,NA,0.510523913,1.021047826,-46.41098494,NA,-2.689247286,"soil",NA,NA,NA,NA,NA,NA,NA,NA,NA,NA,NA,NA,NA
"26","sw123","MOJ-CRS-64-Jan23sw","MOJ-CRS-64",64,"56 to 64",2023-01-16,"Julia Kelson, Daeun Lee","MOJ","CRS",0.1,"25",2023-04-07,"Miriam","24.8","Unscrewed, reparafilmed after shipping, filled 1 insert",1,"HIDS2220_IsoWater_20230801_165708","CZ17O-sw",NA,0.194319353,0.388638707,1.321015255,Inf,0.472146527,0.944293054,-38.51132108,NA,-49.07944312,"soil",NA,NA,NA,NA,NA,NA,NA,NA,NA,NA,NA,NA,NA
"27","sw124","MOJ-JT-19-Jan23sw","MOJ-JT-19",19,"0 to 19",2023-01-16,"Julia Kelson, Daeun Lee","MOJ","JT",0.1,"25",2023-04-07,"Miriam","24.8","Unscrewed, reparafilmed after shipping, filled 1.5 mL",1,"HIDS2220_IsoWater_20230801_165708","CZ17O-sw",NA,0.192890619,0.385781238,-6.065268594,Inf,0.402824371,0.805648742,-46.71345586,NA,1.808692891,"soil",NA,NA,NA,NA,NA,NA,NA,NA,NA,NA,NA,NA,NA
"28","sw125","MOJ-JT-32-Jan23sw","MOJ-JT-32",32,"19 to 32",2023-01-16,"Julia Kelson, Daeun Lee","MOJ","JT",0.1,"25",2023-04-19,"Miriam","19.8","Unscrewed, reparafilmed after shipping, filled 1 vial",1,"HIDS2220_IsoWater_20230801_165708","CZ17O-sw",NA,0.182051546,0.364103092,-6.536651648,NA,0.425384796,0.850769593,-67.65478923,NA,-15.36157605,"soil",NA,NA,NA,NA,NA,NA,NA,NA,NA,NA,NA,NA,NA
"29","sw126","MOJ-PJ-70-Jan23sw","MOJ-PJ-70",70,"57 to 70",2023-01-17,"Julia Kelson, Daeun Lee","MOJ","PJ",0.1,"25",2023-04-19,"Miriam","23.6","Unscrewed, reparafilmed after shipping, filled 2 inserts",1,"HIDS2220_IsoWater_20230801_165708","CZ17O-sw",NA,0.190733267,0.381466534,-4.009942279,NA,0.400335515,0.800671031,-68.08517961,NA,-36.00564138,"soil",NA,NA,NA,NA,NA,NA,NA,NA,NA,NA,NA,NA,NA
"30","sw127","MOJ-PJ-5-Jan23sw","MOJ-PJ-5",5,"0 to 5",2023-01-17,"Julia Kelson, Daeun Lee","MOJ","PJ",0.1,"25",2023-04-21,"Miriam","15.3","sampled under snow with trowel, smelled like poop/swamp water!! filled 1 vial",1,"HIDS2220_IsoWater_20230801_165708","CZ17O-sw",NA,0.173463712,0.346927423,-8.738202909,NA,0.397408153,0.794816306,-64.77023083,NA,5.135392445,"soil",NA,NA,NA,NA,NA,NA,NA,NA,NA,NA,NA,NA,NA
"31","sw128","MOJ-PJ-17-Jan23sw","MOJ-PJ-17",17,"0 to 17",2023-01-17,"Julia Kelson, Daeun Lee","MOJ","PJ",0.1,"25",2023-04-21,"Miriam","15.3","filled 1 vial",1,"HIDS2220_IsoWater_20230801_165708","CZ17O-sw",NA,0.16943274,0.33886548,-9.203573424,NA,0.354460775,0.708921549,-76.6830493,NA,-3.054461911,"soil",NA,NA,NA,NA,NA,NA,NA,NA,NA,NA,NA,NA,NA
"32","sw129","NG-K-60-Mar23sw","NG-K-60",60,"50 to 60",2023-03-24,"Scott Robbins","REY","NancyGulch",NA,NA,2023-05-30,"Julia","7.2","filled one 2-mL vial. soil sample was in plastic 30ml vials with ploycone seal",1,"HIDS2220_IsoWater_20230801_165708","CZ17O-sw",NA,0.18125571,0.362511419,-11.73966235,NA,0.424273221,0.848546442,-115.9403092,NA,-22.0230104,"soil",2,3.63905197359716,-6.31605760619568,-11.9691224586539,0.00790180924148254,0.0143422938045266,0.32907811270258,0.00558742289829484,0.0101415332069505,0.232693365032065,8.3,5.86898628384834,-11.8977774418729
"33","sw13","ESGR-50-Sep21sw","ESGR-50-Sep21",50,"40 to 50",2021-09-03,"Julia Margaret Natalie","ESGR",NA,0.3,NA,2022-07-06,"Julia",NA,"about 0.9 mL of water in 2 mL vial",1,"HIDS2220_IsoWater_20220710_145042","CZ17O-sw",Inf,0.196357375,0.39271475,-2.075093119,NA,0.499700814,0.999401629,-10.23613928,NA,6.364605675,"soil",NA,NA,NA,NA,NA,NA,NA,NA,NA,NA,NA,NA,NA
"34","sw130","JOR-CSAND-5-39-Feb23sw","JOR-CSAND-5-39",39,"30 to 39",2023-02-03,"Christian Leach","JOR","CSAND",NA,NA,2023-05-30,"Julia","25.6","filled two inserts",1,"HIDS2220_IsoWater_20230801_165708","CZ17O-sw",Inf,0.206902509,0.413805019,4.111554833,Inf,0.754007185,1.50801437,-29.00654826,NA,-61.89898693,"soil",NA,NA,NA,NA,NA,NA,NA,NA,NA,NA,NA,NA,NA
"35","sw131","NG-K-5-Mar23","NG-K-5",5,"0 to 5",2023-03-24,"Scott Robbins","REY","NancyGulch",NA,NA,2023-05-30,"Julia","7.6","soil sample was very wet as observed when weighing/scooping. filled one vial 3/4 full",1,"HIDS2220_IsoWater_20230801_165708","CZ17O-sw",NA,0.176809756,0.353619512,-15.72765919,NA,0.825301495,1.650602991,-134.1764772,NA,-8.355203721,"soil",NA,NA,NA,NA,NA,NA,NA,NA,NA,NA,NA,NA,NA
"36","sw132","NG-K-33-Mar23","NG-K-33",33,"13 to 33",2023-03-24,"Scott Robbins","REY","NancyGulch",NA,NA,2023-05-30,"Julia","7.5","filled one 2-mL vial. Difficulty passing the leak test",1,"HIDS2220_IsoWater_20230801_165708","CZ17O-sw",Inf,0.184493601,0.368987202,-11.75794047,NA,0.349959419,0.699918838,-116.8579148,NA,-22.794391,"soil",NA,NA,NA,NA,NA,NA,NA,NA,NA,NA,NA,NA,NA
"37","sw134","JOR-CSAND-5-61-Feb23sw","JOR-CSAND-5-61",61,"47 to 61",2023-02-03,"Christian Leach","JOR","CSAND",NA,"26.6",2023-05-31,"Julia",NA,"filled two inserts",1,"HIDS2220_IsoWater_20230801_165708","CZ17O-sw",NA,0.200924938,0.401849875,2.565851319,NA,0.719443428,1.438886856,-36.00491504,NA,-56.53172559,"soil",NA,NA,NA,NA,NA,NA,NA,NA,NA,NA,NA,NA,NA
"38","sw135","JOR-CSAND-5-12-Feb23sw","JOR-CSAND-5-12",12,"0 to 12",2023-02-03,"Christian Leach","JOR","CSAND",NA,"16.9",2023-05-31,"Julia",NA,"used remaining material from sw133, filled one and 3/4 inserts",1,"HIDS2220_IsoWater_20230801_165708","CZ17O-sw",NA,0.192319771,0.384639541,1.86671329,NA,0.431450483,0.862900966,-47.01796534,NA,-61.95167166,"soil",NA,NA,NA,NA,NA,NA,NA,NA,NA,NA,NA,NA,NA
"40","sw137","JOR-CSAND-6-39-May23","JOR-CSAND-6-39",39,"31 to 39",2023-05-11,"Christian Leach","JOR","CSAND",NA,NA,2023-06-01,"Julia","24.9","minor soil explosion, filled two inserts",1,"HIDS2220_IsoWater_20230801_165708","CZ17O-sw",NA,0.196222903,0.392445805,3.575236358,Inf,0.450007791,0.900015581,-32.21651135,NA,-60.81840222,"soil",NA,NA,NA,NA,NA,NA,NA,NA,NA,NA,NA,NA,NA
"41","sw138","JOR-CSAND-6-60-May23","JOR-CSAND-6-60",60,"49 to 60",2023-05-11,"Christian Leach","JOR","CSAND",NA,NA,2023-06-01,"Julia","24.5","minor soil explosion during distillation, one vial broken in transit from UTEP, do not have spare vial",1,"HIDS2220_IsoWater_20230801_165708","CZ17O-sw",NA,0.202845532,0.405691064,3.149308099,NA,0.479091152,0.958182305,-31.20717073,NA,-56.40163552,"soil",NA,NA,NA,NA,NA,NA,NA,NA,NA,NA,NA,NA,NA
"42","sw139","JOR-CSAND-6-10-May23","JOR-CSAND-6-10",10,"6 to 10",2023-05-11,"Christian Leach","JOR","CSAND",NA,"20.2",2023-06-01,"Miriam","22.9","filled 2 inserts",1,"HIDS2220_IsoWater_20230801_165708","CZ17O-sw",Inf,0.197126251,0.394252501,3.414581318,NA,0.463811586,0.927623171,-31.15136523,NA,-58.46801577,"soil",NA,NA,NA,NA,NA,NA,NA,NA,NA,NA,NA,NA,NA
"43","sw14","MOJ-CRS-15-Jan22sw","MOJ-CRS-15",15,NA,2022-01-18,"Julia, Jane, Keith","MOJ","CRS",0.1,"20",2022-07-06,"Julia",NA,"about 1 mL of water in 2mL vial",1,"HIDS2220_IsoWater_20220713_142653","CZ17O-sw",NA,0.183827032,0.367654064,-6.965248846,NA,0.508612407,1.017224813,-77.1699438,NA,-21.44795303,"soil",2,-19.466684525931,-3.50404995723386,-6.5995895316438,0.00803383919571881,0.0169099594858651,0.894619412814486,0.00568078217425505,0.011957147022045,0.63259145338225,8.3,5.86898628384834,-6.5778600687737
"44","sw140","JOR-CSAND-6-60-May23","JOR-CSAND-6-60",60,"49 to 60",2023-05-11,"Christian Leach","JOR","CSAND",NA,NA,2023-06-01,"Miriam","23.8","one vial broken in transit from UTEP, do not have spare vial. fillecd 1.5 iserts",1,"HIDS2220_IsoWater_20230801_165708","CZ17O-sw",NA,0.202980384,0.405960768,2.873452812,NA,0.531529144,1.063058287,-31.29457387,NA,-54.28219637,"soil",NA,NA,NA,NA,NA,NA,NA,NA,NA,NA,NA,NA,NA
"45","sw141","NG-H-5-Nov22sw","NG-H-5",0,"5",2022-11-19,"Scott Robbins","REY","NancyGulch",NA,NA,2023-06-01,"Miriam","12","one vial mostly full",1,"HIDS2220_IsoWater_20231010_191604","CZ17O-sw",Inf,0.179806127,0.359612253,-11.27122252,Inf,0.771933602,1.543867204,-101.4912003,NA,-11.32142014,"soil",NA,NA,NA,NA,NA,NA,NA,NA,NA,NA,NA,NA,NA
"46","sw143","MOJ-JT-37-May23sw","MOJ-JT-37",37,"26 to 37",2023-05-20,"Julia Kelson, Jane Kelson","MOJ","JT",NA,"20",2023-08-22,"Julia","20.2","filled two inserts",2,"HIDS2220_IsoWater_20231010_191604","CZ17O-sw",0.092649356,0.065512988,0.131025976,-8.367006251,1.621594375,1.146640379,2.293280758,-69.26959745,0.880399526,-2.333547442,"soil",NA,NA,NA,NA,NA,NA,NA,NA,NA,NA,NA,NA,NA
"47","sw145","MOJ-JT-15-May23sw","MOJ-JT-15",15,"0 to 15",2023-05-20,"Julia Kelson, Jane Kelson","MOJ","JT",NA,NA,2023-08-23,"Julia","19.3","filled one insert",1,"HIDS2220_IsoWater_20231103__205556_KA","CZ17O-sw",NA,0.194636567,0.389273134,2.869207091,Inf,0.3687776,0.7375552,-48.85358141,NA,-71.80723814,"soil",NA,NA,NA,NA,NA,NA,NA,NA,NA,NA,NA,NA,NA
"48","sw147","MOJ-CRS-5-May23sw","MOJ-CRS-5",5,"0 to 5",2023-05-20,"Julia Kelson, Jane Kelson","MOJ","CRS",NA,NA,2023-08-24,"Julia","16.9","leaking manifod continued distillation but be suspicious of values. quarter-fill of one vial (no insert)",1,"HIDS2220_IsoWater_20231103__205556_KA","CZ17O-sw",NA,0.189437338,0.378874676,-1.78626407,NA,0.397698972,0.795397943,-38.21128602,NA,-23.92117345,"soil",NA,NA,NA,NA,NA,NA,NA,NA,NA,NA,NA,NA,NA
"49","sw148","MOJ-CRS-5-May23sw","MOJ-CRS-5",5,"0 to 5",2023-05-20,"Julia Kelson, Jane Kelson","MOJ","CRS",NA,NA,2023-08-24,"Julia","13.2","filled one and one-third inserts in vials",2,"HIDS2220_IsoWater_20231010_191604","CZ17O-sw",0.031120711,0.022005666,0.044011332,-1.751321348,0.368405922,0.260502325,0.521004651,-37.95704312,0.119440232,-23.94647233,"soil",NA,NA,NA,NA,NA,NA,NA,NA,NA,NA,NA,NA,NA
"50","sw149","MOJ-CRS-62-May23sw","MOJ-CRS-62",62,"54 to 62",2023-05-20,"Julia Kelson, Jane Kelson","MOJ","CRS",NA,NA,2023-08-24,"Julia","22.7","filled one insert minor headspace",2,"HIDS2220_IsoWater_20231010_191604","CZ17O-sw",0.065079838,0.046018394,0.092036789,4.323862121,0.639485719,0.452184688,0.904369377,-35.07368226,0.118847018,-69.66457923,"soil",NA,NA,NA,NA,NA,NA,NA,NA,NA,NA,NA,NA,NA
"51","sw15","MOJ-CRS-52-Jan22sw","MOJ-CRS-52",52,NA,2022-01-18,"Julia, Jane, Keith","MOJ","CRS",0.1,"20",2022-07-06,"Julia",NA,"2 vials with inserts, one full one 1/2 full",1,"HIDS2220_IsoWater_20220713_142653","CZ17O-sw",NA,0.199558607,0.399117214,0.082335743,NA,0.605255892,1.210511785,-46.01500679,NA,-46.67369273,"soil",NA,NA,NA,NA,NA,NA,NA,NA,NA,NA,NA,NA,NA
"52","sw150","MOJ-CRS-15-May23sw","MOJ-CRS-15",15,"0 to 15",2023-05-20,"Julia Kelson, Jane Kelson","MOJ","CRS",NA,NA,2023-08-25,"Julia","19.8","filled one insert",1,"HIDS2220_IsoWater_20231010_191604","CZ17O-sw",NA,0.195026077,0.390052153,3.541266409,NA,0.42141692,0.842833841,-37.4674714,NA,-65.79760267,"soil",NA,NA,NA,NA,NA,NA,NA,NA,NA,NA,NA,NA,NA
"53","sw151","MOJ-JT-69-May23sw","MOJ-JT-69",69,"59 to 69",2023-05-20,"Julia Kelson, Jane Kelson","MOJ","JT",NA,NA,2023-08-25,"Julia","22.4","filled two inserts",1,"HIDS2220_IsoWater_20231010_191604","CZ17O-sw",NA,0.18037173,0.360743459,-6.396337661,Inf,0.4023164,0.8046328,-64.28431347,NA,-13.11361218,"soil",2,15.1760291820546,-3.56964833127192,-6.78944007661739,0.0531154576048767,0.0827241078113957,9.4371286804608,0.0375583002582349,0.0584947776010449,6.67305768488389,9.4371286804608,6.67305768488389,-6.76644390149039
"54","sw152","MOJ-JT-5-May23sw","MOJ-JT-5",5,"0 to 5",2023-05-20,"Julia Kelson, Jane Kelson","MOJ","JT",NA,NA,2023-08-25,"Julia","9","filled two inserts",1,"HIDS2220_IsoWater_20231010_191604","CZ17O-sw",NA,0.178294999,0.356589998,-3.591439806,NA,0.487683847,0.975367694,-38.66377295,NA,-9.932254504,"soil",2,-13.4303072799887,-2.03932765856801,-3.83692680168186,0.0543968919531227,0.105190531593151,1.14370872805814,0.038464411175525,0.0743809382061351,0.80872419731215,8.3,5.86898628384834,-3.82957520356142
"55","sw153","NG-L-25-Jun23","NG-L-25",25,"15 to 25",2023-06-21,"Scott Robbins","REY","NancyGulch",NA,NA,2023-08-25,"Julia","9.6","small leak in manifold at start decided to replicate. filled one vial with 1.3mL water",1,"HIDS2220_IsoWater_20231010_191604","CZ17O-sw",NA,0.181969761,0.363939522,-11.36311613,NA,0.61462113,1.22924226,-114.2982061,NA,-23.393277,"soil",NA,NA,NA,NA,NA,NA,NA,NA,NA,NA,NA,NA,NA
"56","sw154","NG-L-25-Jun23","NG-L-25",25,"15 to 25",2023-06-21,"Scott Robbins","REY","NancyGulch",NA,NA,2023-08-25,"Julia","7.7","filled two inserts",1,"HIDS2220_IsoWater_20231010_191604","CZ17O-sw",Inf,0.177100724,0.354201448,-11.3357385,NA,0.395731163,0.791462326,-114.5088897,NA,-23.82298173,"soil",NA,NA,NA,NA,NA,NA,NA,NA,NA,NA,NA,NA,NA
"57","sw155","NG-L-5-Jun23","NG-L-5",5,"0 to 5",2023-06-21,"Scott Robbins","REY","NancyGulch",NA,NA,2023-08-26,"Julia","8.7","filled one vial mostly full recovered 1.5 g water",1,"HIDS2220_IsoWater_20231010_191604","CZ17O-sw",Inf,0.178790175,0.357580351,-10.75961791,NA,0.383215272,0.766430544,-99.29320961,NA,-13.21626634,"soil",NA,NA,NA,NA,NA,NA,NA,NA,NA,NA,NA,NA,NA
"58","sw156","NG-L-55-Jun23","NG-L-55",55,"44 to 55",2023-06-21,"Scott Robbins","REY","NancyGulch",NA,NA,2023-08-26,"Julia","10.2","filled one vial entirely recovered 1.9 g water",1,"HIDS2220_IsoWater_20231010_191604","CZ17O-sw",NA,0.244424616,0.488849233,-11.77163801,NA,0.734064257,1.468128514,-119.3837432,NA,-25.21063918,"soil",NA,NA,NA,NA,NA,NA,NA,NA,NA,NA,NA,NA,NA
"59","sw157","NG-H-21-Nov22sw","NG-H-21",10,"21",2022-11-19,"Scott Robbins","REY","NancyGulch",NA,NA,2023-08-26,"Julia","12.4","filled two inserts discarded remaining water. recovered about 1.2g of water",1,"HIDS2220_IsoWater_20231010_191604","CZ17O-sw",NA,0.179039244,0.358078487,-3.99996168,NA,0.520992246,1.041984492,-77.58073817,NA,-45.58104473,"soil",NA,NA,NA,NA,NA,NA,NA,NA,NA,NA,NA,NA,NA
"60","sw158","NG-H-59-Nov22sw","NG-H-59",59,NA,2022-11-19,"Scott Robbins","REY","NancyGulch",NA,NA,2023-08-26,"Julia","10.3","filled one 2mL vial, some sediment in water tube that was mostly avoided in pipetting",1,"HIDS2220_IsoWater_20231010_191604","CZ17O-sw",Inf,0.172858319,0.345716638,-10.14374024,NA,0.469934978,0.939869956,-112.8236715,NA,-31.6737496,"soil",NA,NA,NA,NA,NA,NA,NA,NA,NA,NA,NA,NA,NA
"61","sw159","NG-H-59-Nov22sw","NG-H-59",59,NA,2022-11-19,"Scott Robbins","REY","NancyGulch",NA,NA,2023-08-26,"Julia","7","redo because of minor issues wish sw 158",1,"HIDS2220_IsoWater_20231010_191604","CZ17O-sw",NA,0.177776863,0.355553726,-10.35466703,NA,0.403525868,0.807051736,-113.6377793,NA,-30.80044306,"soil",NA,NA,NA,NA,NA,NA,NA,NA,NA,NA,NA,NA,NA
"62","sw16","MOJ-PJ-20-Jan22sw","MOJ-PJ-20",20,NA,2022-01-20,"Julia, Jane, Keith","MOJ","PJ",NA,NA,2022-07-07,"Julia",NA,"1.9 g of water in 2mL vial",1,"HIDS2220_IsoWater_20220713_142653","CZ17O-sw",NA,0.188215464,0.376430928,-8.999048086,NA,0.414212539,0.828425078,-82.28144963,NA,-10.28906494,"soil",2,-2.48330540207143,-4.82043371735483,-9.12490608324385,0.0801323361987836,0.138700739495589,6.89834574511222,0.0566621183184801,0.0980762334529199,4.87786705533821,8.3,5.86898628384834,-9.08340046861433
"63","sw160","MOJ-PJ-16-May23sw","MOJ-PJ-16",16,"0 to 16",2023-05-21,"Julia Kelson, Jane Kelson","MOJ","PJ",NA,NA,2023-08-27,"Julia","24.2","filled two inserts",1,"HIDS2220_IsoWater_20231010_191604","CZ17O-sw",NA,0.196656942,0.393313884,-1.930212745,Inf,0.482512533,0.965025065,-66.17293311,NA,-50.73123115,"soil",NA,NA,NA,NA,NA,NA,NA,NA,NA,NA,NA,NA,NA
"64","sw161","MOJ-PJ-57-May23sw","MOJ-PJ-57",57,"48 to 57",2023-05-21,"Julia Kelson, Jane Kelson","MOJ","PJ",NA,NA,2023-08-27,"Julia","19.7","filled one 2-mL vial with about 1.5mL",1,"HIDS2220_IsoWater_20231010_191604","CZ17O-sw",Inf,0.180324438,0.360648876,-9.065061558,NA,0.399649429,0.799298859,-77.58299819,NA,-5.062505729,"soil",NA,NA,NA,NA,NA,NA,NA,NA,NA,NA,NA,NA,NA
"65","sw162","MOJ-PJ-5-May23sw","MOJ-PJ-5",5,"0 to 5",2023-05-21,"Julia Kelson, Jane Kelson","MOJ","PJ",NA,NA,2023-08-28,"Julia","10.8","filled one and a half inserts",1,"HIDS2220_IsoWater_20231010_191604","CZ17O-sw",NA,0.18131537,0.362630739,-3.157920964,NA,0.510669773,1.021339547,-43.31312713,NA,-18.04975941,"soil",NA,NA,NA,NA,NA,NA,NA,NA,NA,NA,NA,NA,NA
"66","sw163","MOJ-PJ-5-May23sw","MOJ-PJ-5",5,"0 to 5",2023-05-21,"Julia Kelson, Jane Kelson","MOJ","PJ",NA,NA,2023-08-28,"Julia","22.2","filled two inserts",1,"HIDS2220_IsoWater_20231010_191604","CZ17O-sw",NA,0.182314901,0.364629802,-3.227674408,NA,0.469314802,0.938629603,-42.96684252,NA,-17.14544726,"soil",NA,NA,NA,NA,NA,NA,NA,NA,NA,NA,NA,NA,NA
"68","sw165","NG-D-39-Aug22","NG-D-39",39,"29-39",2022-08-19,"Scott Robbins","REY","NancyGulch",0.15,"8",2023-08-28,"Julia","9","one vial mostly full",1,"HIDS2220_IsoWater_20231010_191604","CZ17O-sw",Inf,0.17679133,0.35358266,-9.432159885,Inf,0.603617889,1.207235778,-110.1242085,NA,-34.66692941,"soil",NA,NA,NA,NA,NA,NA,NA,NA,NA,NA,NA,NA,NA
"70","sw167","NG-K-5-Mar23","NG-K-5",5,"0 to 5",2023-03-24,"Scott Robbins","REY","NancyGulch",NA,NA,2023-08-29,"Julia","7.7","soil sample was very wet as observed when weighing/scooping. filled one 2mL vial with about 1.3 mL of samples",1,"HIDS2220_IsoWater_20231010_191604","CZ17O-sw",NA,0.185909153,0.371818306,-14.72032794,NA,0.627751873,1.255503745,-126.963082,NA,-9.200458448,"soil",NA,NA,NA,NA,NA,NA,NA,NA,NA,NA,NA,NA,NA
"71","sw168","NG-K-13-Mar23","NG-K-13",13,"0 to 13",2023-03-24,"Scott Robbins","REY","NancyGulch",NA,NA,2023-08-29,"Julia","6.4","soil sample was very wet as observed when weighing/scooping. filled one 2mL vial with about 1.1 mL of samples",1,"HIDS2220_IsoWater_20231010_191604","CZ17O-sw",NA,0.194007737,0.388015474,-16.65771198,Inf,0.432710283,0.865420565,-137.3501134,NA,-4.088417521,"soil",2,43.3884862692073,-9.019042814516,-17.1636956454266,0.0334941532821148,0.0679693146025284,2.39364482800784,0.023683942915885,0.0480615632680497,1.69256248963645,8.3,5.86898628384834,-17.0172385335234
"72","sw169","JOR-CSAND-3-62-Jun22sw","JOR-CSAND-3-62",62,NA,2022-06-06,"Christian Leach, Elizabeth Gardea","JOR","CSAND",0.05,"25",2023-08-29,"Julia","19.3","filled one insert",1,"HIDS2220_IsoWater_20231010_191604","CZ17O-sw",NA,0.20860607,0.41721214,5.620537998,NA,0.786110068,1.572220136,-35.49272005,NA,-80.45702403,"soil",NA,NA,NA,NA,NA,NA,NA,NA,NA,NA,NA,NA,NA
"73","sw17","MOJ-PJ-56-Jan22sw","MOJ-PJ-56",56,NA,2022-01-20,"Julia, Jane, Keith","MOJ","PJ",NA,NA,2022-07-07,"Julia & Matthew",NA,"about 1 mL of water in 2mL vial",1,"HIDS2220_IsoWater_20220713_142653","CZ17O-sw",NA,0.206872311,0.413744622,-3.720119832,NA,0.441488611,0.882977223,-70.51377309,NA,-40.75281443,"soil",NA,NA,NA,NA,NA,NA,NA,NA,NA,NA,NA,NA,NA
"74","sw170","JOR-CSAND-5-19-Feb23sw","JOR-CSAND-5-19",19,"12 to 19",2023-02-03,"Christian Leach","JOR","CSAND",NA,NA,2023-08-29,"Julia","20","filled two inserts?",1,"HIDS2220_IsoWater_20231010_191604","CZ17O-sw",NA,0.195587124,0.391174249,0.14405945,Inf,0.456049954,0.912099909,-45.22535138,NA,-46.37782698,"soil",NA,NA,NA,NA,NA,NA,NA,NA,NA,NA,NA,NA,NA
"75","sw171","JOR-CSAND-2-89-Mar22sw","JOR-CSAND-2-89",89,NA,2022-03-22,"Julia, Christian Leach, Elizabeth","JOR","CSAND",0.06,"25",2023-08-30,"Julia","24.6","24.6g soil, filled two inserts",1,"HIDS2220_IsoWater_20231010_191604","CZ17O-sw",NA,0.203810185,0.407620371,1.985978878,NA,0.478770267,0.957540534,-39.996931,NA,-55.88476203,"soil",NA,NA,NA,NA,NA,NA,NA,NA,NA,NA,NA,NA,NA
"76","sw172","JOR-CSAND-4-59-Sep22sw","JOR-CSAND-4-59",59,"50 to 59",2022-09-09,"Christian Leach","JOR","CSAND",0.05,"25",2023-08-30,"Julia","24.7","filled 2 inserts",2,"HIDS2220_IsoWater_20231010_191604","CZ17O-sw",0.017639699,0.012473151,0.024946302,3.602305097,0.360576287,0.254965937,0.509931875,-31.86731762,0.219458693,-60.68575839,"soil",1,-61.96023450319,1.62529566379209,3.19556041343802,NA,NA,NA,NA,NA,NA,8.3,8.3,3.20067165959781
"77","sw173","2A-13R-4","2A-13R-4",1974,NA,2023-03-05,"UTEP drilling","JOR","Red Lake Playa DCZ",0.07,"33.42857143",2023-09-01,"Miriam","18.6","filled three inserts",1,"HIDS2220_IsoWater_20231010_191604","CZ17O-sw",Inf,0.174766257,0.349532513,-4.739395795,NA,0.410168693,0.820337385,-51.83112566,NA,-13.91595931,"soil",NA,NA,NA,NA,NA,NA,NA,NA,NA,NA,NA,NA,NA
"78","sw174","2A-32R","2A-32R",5019,NA,2023-03-07,"UTEP drilling","JOR","Red Lake Playa DCZ",0.33,"7.090909091",2023-09-01,"Miriam","7.6","filled one vial",1,"HIDS2220_IsoWater_20231010_191604","CZ17O-sw",NA,0.188302989,0.376605978,-7.099823755,NA,0.403448099,0.806896198,-60.63489061,NA,-3.836300569,"soil",NA,NA,NA,NA,NA,NA,NA,NA,NA,NA,NA,NA,NA
"79","sw176","2A-7R-4","2A-7R-4",1061,NA,2023-03-07,"UTEP drilling","JOR","Red Lake Playa DCZ",0.02,"117",2023-09-01,"Julia","24","collected about 1.4g of water in a 2mL vial",1,"HIDS2220_IsoWater_20231010_191604","CZ17O-sw",NA,0.168002078,0.336004155,-7.526914805,Inf,0.386079507,0.772159014,-91.54989417,NA,-31.33457573,"soil",NA,NA,NA,NA,NA,NA,NA,NA,NA,NA,NA,NA,NA
"80","sw177","2A-21R","2A-21R",3192,NA,2023-03-06,"UTEP drilling","JOR","Red Lake Playa DCZ",0.39,"6",2023-09-08,"Miriam","6.3","6.3g soil, filled 2.5 inserts",1,"HIDS2220_IsoWater_20231103__205556_KA","CZ17O-sw",NA,0.179319254,0.358638507,-6.77174995,NA,0.421675413,0.843350826,-55.13695455,NA,-0.962954949,"soil",NA,NA,NA,NA,NA,NA,NA,NA,NA,NA,NA,NA,NA
"81","sw178","2A-37R-2","2A-37R-2",6694,NA,2023-03-08,"UTEP drilling","JOR","Red Lake Playa DCZ",0.42,"5.571428571",2023-09-08,"Miriam","7.5","filled 1 vial",1,"HIDS2220_IsoWater_20231103__205556_KA","CZ17O-sw",Inf,0.177077466,0.354154933,-6.486293176,NA,0.387411311,0.774822623,-51.7811638,NA,0.1091816,"soil",NA,NA,NA,NA,NA,NA,NA,NA,NA,NA,NA,NA,NA
"82","sw18","MOJ-JT-60-Jan22sw","MOJ-JT-60",60,NA,2022-01-18,"Julia, Jane, Keith","MOJ","JT",NA,NA,2022-07-07,"Kirsten",NA,"0.6 mL in 2 mL vial",1,"HIDS2220_IsoWater_20220713_142653","CZ17O-sw",NA,0.196656019,0.393312038,-0.942580382,Inf,0.551705819,1.103411639,-60.49239421,NA,-52.95175115,"soil",NA,NA,NA,NA,NA,NA,NA,NA,NA,NA,NA,NA,NA
"83","sw180","NG-C-33-Aug23","NG-C-33",33,"22 to 33",2023-08-27,"Scott Robbins","REY","NancyGulch",NA,"10",2023-09-29,"Miriam","10","Filled over half of a vial, filled water tube too quickly and ""cut distillation short""",1,"HIDS2220_IsoWater_20231103__205556_KA","CZ17O-sw",NA,0.175110715,0.350221429,-9.371598749,NA,0.401457938,0.802915875,-106.6102339,NA,-31.63744387,"soil",NA,NA,NA,NA,NA,NA,NA,NA,NA,NA,NA,NA,NA
"84","sw181","NG-C-64-Aug23","NG-C-64",64,"51 to 64",2023-08-27,"Scott Robbins","REY","NancyGulch",NA,"10",2023-09-29,"Miriam","14.9","filled 1 vial and 1 insert, filled water tube too quickly and ""cut distillation short""",1,"HIDS2220_IsoWater_20231103__205556_KA","CZ17O-sw",Inf,0.17976513,0.359530259,-12.00718921,NA,0.368063906,0.736127812,-119.0601056,NA,-23.0025919,"soil",NA,NA,NA,NA,NA,NA,NA,NA,NA,NA,NA,NA,NA
"85","sw182","NG-C-33-Aug23","NG-C-33",33,"22 to 33",2023-08-27,"Scott Robbins","REY","NancyGulch",NA,"10",2023-10-05,"Miriam","18.8","filled 1 insert",1,"HIDS2220_IsoWater_20231103__205556_KA","CZ17O-sw",NA,0.186812248,0.373624495,-9.727347466,Inf,0.381268929,0.762537858,-108.8430345,NA,-31.0242548,"soil",NA,NA,NA,NA,NA,NA,NA,NA,NA,NA,NA,NA,NA
"86","sw184","NG-C-64-Aug23","NG-C-64",64,"51 to 64",2023-08-27,"Scott Robbins","REY","NancyGulch",NA,"10",2023-10-05,"Miriam","5.9",NA,1,"HIDS2220_IsoWater_20231103__205556_KA","CZ17O-sw",NA,0.183261181,0.366522363,-11.79821961,NA,0.58923686,1.178473721,-114.7098868,NA,-20.32412992,"soil",NA,NA,NA,NA,NA,NA,NA,NA,NA,NA,NA,NA,NA
"87","sw185","JOR-CSAND-7-60-Sept23","JOR-CSAND-7-60",60,"40-60",2023-09-09,"Christian Leach","JOR","CSAND",NA,NA,2023-10-13,"Miriam","22.7","Filled 1.5 inserts",1,"HIDS2220_IsoWater_20231103__205556_KA","CZ17O-sw",NA,0.236298979,0.472597958,5.597011055,Inf,1.802936353,3.605872707,-29.47429397,NA,-74.25038241,"soil",NA,NA,NA,NA,NA,NA,NA,NA,NA,NA,NA,NA,NA
"88","sw186","JOR-CSAND-7-20-Sept23","JOR-CSAND-7-20",20,"45219",2023-09-09,"Christian Leach","JOR","CSAND",NA,NA,2023-10-20,"Miriam","25.6","Filled 1 insert",1,"HIDS2220_IsoWater_20231103__205556_KA","CZ17O-sw",Inf,0.192866844,0.385733688,7.330720144,NA,0.45436568,0.908731359,-20.86884793,NA,-79.51460907,"soil",NA,NA,NA,NA,NA,NA,NA,NA,NA,NA,NA,NA,NA
"89","sw188","MOJ-CRS-hole9-14-Sep23sw","MOJ-CRS-hole9-14",14,"0 to 14",2023-09-26,"Julia Kelson, Elena Lee, Kirsten Andrews","MOJ","CRS",NA,NA,2023-10-27,"Miriam","27.5","filled 1 insert",1,"HIDS2220_IsoWater_20231103__205556_KA","CZ17O-sw",NA,0.191387339,0.382774679,5.568894278,NA,0.490051724,0.980103449,-44.07788959,NA,-88.62904381,"soil",NA,NA,NA,NA,NA,NA,NA,NA,NA,NA,NA,NA,NA
"90","sw189","MOJ-CRS-hole9-39-Sep23sw","MOJ-CRS-hole9-39",39,"29 to 39",2023-09-26,"Julia Kelson, Elena Lee, Kirsten Andrews","MOJ","CRS",NA,NA,2023-10-27,"Miriam","26","filled 1 insert",1,"HIDS2220_IsoWater_20231103__205556_KA","CZ17O-sw",NA,0.18707588,0.374151759,2.275657154,NA,0.377322548,0.754645095,-46.48252067,NA,-64.6877779,"soil",NA,NA,NA,NA,NA,NA,NA,NA,NA,NA,NA,NA,NA
"91","sw19","MOJ-JT-20-Jan22sw","MOJ-JT-20",20,NA,2022-01-18,"Julia, Jane, Keith","MOJ","JT",NA,NA,2022-07-07,"Julia",NA,"1.4 mL in 2mL vial",1,"HIDS2220_IsoWater_20220713_142653","CZ17O-sw",Inf,0.182787189,0.365574379,-8.45009698,NA,0.402124447,0.804248893,-82.89346747,NA,-15.29269163,"soil",2,6.95149485581315,-4.49302364693043,-8.52268019277697,0.0204706975580419,0.0458048810366036,3.71427962929033,0.0144749690589103,0.0323889419924255,2.62639231309425,8.3,5.86898628384834,-8.48646511016038
"92","sw2","ESGR-23-Oct21sw","ESGR-23-Oct21",23,NA,2021-10-28,"Julia Margaret Matthew","ESGR",NA,0.3,"7",2022-06-09,"Julia",NA,"1 vial with insert",1,"HIDS2220_IsoWater_20220710_145042","CZ17O-sw",NA,0.17493218,0.34986436,-9.502971882,NA,0.481302239,0.962604478,-69.59125823,NA,6.432516828,"soil",NA,NA,NA,NA,NA,NA,NA,NA,NA,NA,NA,NA,NA
"93","sw21","ESGR-60-Jun22-2","ESGR-60-Jun22 (repeat)",60,NA,2022-06-13,"Julia and Matthrew","ESGR",NA,NA,"10",2022-07-08,"Julia and Matthew",NA,"2 2ml vials with inserts",1,"HIDS2220_IsoWater_20220713_142653","CZ17O-sw",NA,0.180088433,0.360176865,-9.81481719,NA,0.44149975,0.8829995,-73.41596319,NA,5.102574331,"soil",NA,NA,NA,NA,NA,NA,NA,NA,NA,NA,NA,NA,NA
"94","sw22","NG-J-65-Aug21sw","NG-J-65",65,"60-65",2021-08-17,"Julia&Naomi","REY","NancyGulch",0.2,"9.88",2022-07-08,"Julia and Kirsten",NA,NA,1,"HIDS2220_IsoWater_20220713_142653","CZ17O-sw",NA,0.182723395,0.36544679,-11.2867432,Inf,0.733487986,1.466975973,-114.7377191,NA,-24.44377355,"soil",NA,NA,NA,NA,NA,NA,NA,NA,NA,NA,NA,NA,NA
"95","sw23","NG-J-65-Aug21sw","NG-J-65 (repeat)",65,"60-65",2021-08-17,"Julia&Naomi","REY","NancyGulch",0.2,"9.88",2022-07-08,"Kirsten",NA,"1 2ml vial",1,"HIDS2220_IsoWater_20220713_142653","CZ17O-sw",Inf,0.184010375,0.36802075,-10.50423661,NA,0.380196501,0.760393002,-111.4348061,NA,-27.40091324,"soil",2,-7.23165701585504,-5.56905756081651,-10.5337611814406,0.00491761479890635,0.0112530229677577,1.02398132809459,0.00347727877157,0.00795708884934943,0.72406414090409,8.3,5.86898628384834,-10.478475411775
"96","sw24","MOJ-JT-58-Oct21sw","MOJ-JT-58",58,"50-58",2021-10-16,"Julia, Naomi and Ron","MOJ","JT",0.05,"52",2022-07-08,"Kirsten",NA,"2 2ml vials with inserts",1,"HIDS2220_IsoWater_20220713_142653","CZ17O-sw",NA,0.193819715,0.387639429,-2.619824631,NA,0.425607729,0.851215457,-75.13632575,NA,-54.17772869,"soil",NA,NA,NA,NA,NA,NA,NA,NA,NA,NA,NA,NA,NA
"97","sw25","MOJ-JT-22-Oct21sw","MOJ-JT-22",22,"15-22",2021-10-16,"Julia, Naomi and Ron","MOJ","JT",0.05,"25",2022-07-11,"Julia","48.9","soil exploded through glass wool, tried to load entire vial (48.9 g of soil)",1,"HIDS2220_IsoWater_20220713_142653","CZ17O-sw",NA,0.221043328,0.442086657,9.523624744,Inf,0.853509508,1.707019016,-26.36483547,NA,-102.5538334,"soil",NA,NA,NA,NA,NA,NA,NA,NA,NA,NA,NA,NA,NA
"98","sw26","JOR-CSAND-2-15-Mar22sw","JOR-CSAND-2-15",15,NA,2022-03-22,"Julia, Christian Leach, Elizabeth","JOR","CSAND",0.04,"25",2022-07-11,"Julia","44.8","1 2mL vial 1/2 full, collected 1.2 g of water",1,"HIDS2220_IsoWater_20220713_142653","CZ17O-sw",NA,0.207772981,0.415545963,8.767919602,Inf,0.434964873,0.869929745,-34.83900682,NA,-104.9823636,"soil",NA,NA,NA,NA,NA,NA,NA,NA,NA,NA,NA,NA,NA
"99","sw27","JOR-CSAND-2-51-Mar22sw","JOR-CSAND-2-51",51,NA,2022-03-22,"Julia, Christian Leach, Elizabeth","JOR","CSAND",0.06,"25",2022-07-11,"julia","25.1","filtered due to sediment in water tube, recovered 1 vial with insert",1,"HIDS2220_IsoWater_20220713_142653","CZ17O-sw",NA,0.197716463,0.395432925,2.509541966,NA,0.526684275,1.053368549,-37.06891808,NA,-57.14525381,"soil",NA,NA,NA,NA,NA,NA,NA,NA,NA,NA,NA,NA,NA
"100","sw28","NG-B-18-Nov21sw","NG-B-18",18,"44913",2021-11-14,"Kyle LaCoursiere","REY","NancyGulch",0.05,"25",2022-07-11,"Julia and Matthew","21.1","filled 2 inserts",1,"HIDS2220_IsoWater_20220713_142653","CZ17O-sw",NA,0.195365108,0.390730215,-3.215199677,NA,0.704596628,1.409193257,-89.66812605,NA,-63.94652864,"soil",NA,NA,NA,NA,NA,NA,NA,NA,NA,NA,NA,NA,NA
"101","sw29","NG-B-62-Nov21sw","NG-B-62",62,"56-62",2021-11-14,"Kyle LaCoursiere","REY","NancyGulch",0.05,"25",2022-07-11,"Julia","22.9","25 g of soil yielded >3 g of water",1,"HIDS2220_IsoWater_20220713_142653","CZ17O-sw",NA,0.183275785,0.36655157,-9.532923378,NA,0.391531,0.783062,-109.7698735,NA,-33.50648645,"soil",2,0.950266939337753,-5.29364459094987,-10.0276417763053,0.000553599657088311,0.00110703272939406,1.13811293820661,0.000391454071589692,0.000782790349949991,0.804767376362037,8.3,5.86898628384834,-9.97753260863843
"102","sw30","NG-E-62.5-Mar22sw","NG-E-62.5",62.5,"52-62.5",2022-03-18,"Kyle LaCoursiere","REY","NancyGulch",0.05,"25",2022-07-12,"Julia","21","one 2 mL vial",1,"HIDS2220_IsoWater_20220713_142653","CZ17O-sw",NA,0.186966321,0.373932642,-11.36738684,NA,0.393554745,0.787109491,-117.9872363,NA,-27.0481416,"soil",NA,NA,NA,NA,NA,NA,NA,NA,NA,NA,NA,NA,NA
"103","sw31","NG-M-54-Jun22sw","NG-M-54",54,"45-54",2022-06-01,"Dylan Thompson, Mark Robbins","REY","NancyGulch",0.1,"25",2022-07-12,"Julia","22.2","two 2mL vials; problems with condensation probably because so much water",1,"HIDS2220_IsoWater_20220713_142653","CZ17O-sw",Inf,0.191425632,0.382851264,-10.17567956,NA,0.444310821,0.888621642,-112.3331272,NA,-30.92769078,"soil",2,-0.642681071949535,-5.59930712129028,-10.6035311367771,7.0927261786346e-05,0.00992425969975112,5.31093638325307,5.01531477801187e-05,0.00701751133195039,3.7553991310486,8.3,5.86898628384834,-10.5475118759866
"104","sw32","NG-M-21-Jun22sw","NG-M-21",21,"13-21",2022-06-01,"Dylan Thompson, Mark Robbins","REY","NancyGulch",0.1,"25",NA,"Julia","15","one 2 mL vial, some visible sediment, put activated charcoal in it",1,"HIDS2220_IsoWater_20220713_142653","CZ17O-sw",NA,0.174385796,0.348771592,-11.05318771,NA,0.351720676,0.703441351,-115.8147891,NA,-27.38928745,"soil",NA,NA,NA,NA,NA,NA,NA,NA,NA,NA,NA,NA,NA
"105","sw33","NG-E-62.5-Mar22sw-repeat","NG-E-62.5",62.5,"52-62.5",2022-03-18,"Kyle LaCoursiere","REY","NancyGulch",0.05,"25",2022-07-12,"Julia","7.4","repeated bc of condensation problems with sw 30. filled 3 inserts",1,"HIDS2220_IsoWater_20220713_142653","CZ17O-sw",NA,0.189396968,0.378793935,-10.99097006,NA,0.356394454,0.712788907,-116.2000019,NA,-28.27224136,"soil",NA,NA,NA,NA,NA,NA,NA,NA,NA,NA,NA,NA,NA
"106","sw35","MOJ-CRS-60-May22sw","MOJ-CRS-60",60,"53 to 60",2022-05-15,"Julia, Miriam","MOJ","CRS",0.05,"25",2022-07-13,"Matthew","30.4","filled 1/2 vial with insert",1,"HIDS2220_IsoWater_20220713_142653","CZ17O-sw",NA,0.194712602,0.389425204,2.93836515,NA,0.657658833,1.315317666,-45.2590745,NA,-68.7659957,"soil",NA,NA,NA,NA,NA,NA,NA,NA,NA,NA,NA,NA,NA
"107","sw37","ESGR-50-Aug21","ESGR-50-Aug21",50,NA,2021-08-11,"Julia","ESGR",NA,0.25,"10.296",2022-07-14,"Matthew","10.4","one and a half inserts full",1,"HIDS2220_IsoWater_20220713_142653","CZ17O-sw",NA,0.1883045,0.376609,-4.505019409,NA,0.517817789,1.035635577,-33.76422518,NA,2.275930088,"soil",NA,NA,NA,NA,NA,NA,NA,NA,NA,NA,NA,NA,NA
"108","sw38","ESGR-10-Aug21","ESGR-10-Aug21",10,NA,2021-08-11,"Julia","ESGR",NA,0.25,"10.296",2022-07-14,"Matthew","10.5","filled one insert, yielded about 0.5 g of soil",1,"HIDS2220_IsoWater_20220713_142653","CZ17O-sw",Inf,0.196947782,0.393895565,-5.609861283,NA,0.46208001,0.924160021,-39.67310864,NA,5.205781628,"soil",NA,NA,NA,NA,NA,NA,NA,NA,NA,NA,NA,NA,NA
"109","sw39","MOJ-CRS-60-May22sw","MOJ-CRS-60",60,"53 to 60",2022-05-15,"Julia, Miriam","MOJ","CRS",0.05,"25",2022-07-14,"Matthew","18.2","filled 2/3 vial with insert",1,"HIDS2220_IsoWater_20220713_142653","CZ17O-sw",NA,0.200461396,0.400922792,3.072133096,NA,0.440886438,0.881772877,-43.80035148,NA,-68.37741624,"soil",2,-66.4220439436078,1.27143935773356,2.53382841226738,0.00334112343079312,0.0163419104401098,5.28740528158801,0.00236253103469508,0.0115554756897449,3.73876012949245,8.3,5.86898628384834,2.53704126851462
"110","sw4","ESGR-90-Oct21sw","ESGR-90-Oct21",90,NA,2021-10-28,"Julia Margaret Matthew","ESGR",NA,0.3,"7",2022-06-10,"Julia",NA,"1 vial with 1 mL of water",1,"HIDS2220_IsoWater_20220710_145042","CZ17O-sw",NA,0.187197073,0.374394147,-8.049195994,Inf,0.470014009,0.940028017,-63.38659388,NA,1.006974065,"soil",NA,NA,NA,NA,NA,NA,NA,NA,NA,NA,NA,NA,NA
"111","sw40","MOJ-JT-94-May22sw","MOJ-JT-94",94,"76 to 94",2022-05-15,"Julia, Miriam","MOJ","JT",0.05,"25",2022-07-14,"Julia","32","filled 2.6 inserts, 3 vials",1,"HIDS2220_IsoWater_20220713_142653","CZ17O-sw",NA,0.19987497,0.399749941,-3.823736148,NA,0.415174063,0.830348126,-70.32790477,NA,-39.73801559,"soil",2,-4.90904031341154,-2.06653102890995,-3.90458709961466,0.0143679286643975,0.0120579028245956,8.00135597301071,0.0101596597902001,0.00852622485415999,5.65781306720336,8.3,5.86898628384834,-3.89697411115419
"112","sw41","MOJ-JT-14-May22sw","MOJ-JT-14",14,"0 to 14",2022-05-15,"Julia, Miriam","MOJ","JT",0.05,"25",2022-07-15,"Matthew","26.7","filled 2/3 vial with insert",1,"HIDS2220_IsoWater_20220716_DL","CZ17O-sw",NA,0.221443063,0.442886126,9.55399762,Inf,0.411011234,0.822022467,-41.85402451,NA,-118.2860055,"soil",2,-109.074292628853,4.72294603759424,9.15155365572556,0.00346375090886574,0.0222895866332913,8.305150833505,0.00244924175600003,0.0157611178582453,5.87262847314849,8.305150833505,5.87262847314849,9.19355715753878
"113","sw42","NG-E-26.5-Mar22sw","NG-E-26.5",26.5,"17.5-26.5",2022-03-18,"Kyle LaCoursiere","REY","NancyGulch",0.1,"25",2022-07-15,"Matthew","10.3","one vial half filled ~1mL",1,"HIDS2220_IsoWater_20220716_DL","CZ17O-sw",Inf,0.18264533,0.365290659,-7.389945094,NA,0.544423996,1.088847992,-99.04070344,NA,-39.92114269,"soil",2,-35.767344155098,-4.0722506868876,-7.64485481578125,0.00784686892497209,0.00848285567676895,3.36792112763839,0.00554857422792976,0.00599828477287012,2.38147986785455,8.3,5.86898628384834,-7.61570723683569
"114","sw43","NG-E-17.5-Mar22sw","NG-E-17.5",17.5,"0-17.5",2022-03-18,"Kyle LaCoursiere","REY","NancyGulch",0.1,"25",2022-07-15,"Julia","17","filled one 2mL vial. Condensation problems during 1st 30min",1,"HIDS2220_IsoWater_20220716_DL","CZ17O-sw",Inf,0.179392997,0.358785993,-11.3727871,Inf,0.375846933,0.751693866,-108.1754235,NA,-17.1931267,"soil",NA,NA,NA,NA,NA,NA,NA,NA,NA,NA,NA,NA,NA
"115","sw44","MOJ-PJ-60-May22sw","MOJ-PJ-60",60,"46 to 60",2022-05-16,"Julia, Miriam","MOJ","PJ",0.06,"25",2022-07-15,"Matthew","24.3","Condensation at start, filled 2 inserts",1,"HIDS2220_IsoWater_20220716_DL","CZ17O-sw",NA,0.206255706,0.412511413,-3.886769098,NA,0.501382199,1.002764398,-66.91535461,NA,-35.82120183,"soil",NA,NA,NA,NA,NA,NA,NA,NA,NA,NA,NA,NA,NA
"116","sw45","MOJ-PJ-13-May22sw","MOJ-PJ-13",13,"0 to 13",2022-05-16,"Julia, Miriam","MOJ","PJ",0.06,"25",2022-07-18,"Matthew","37.4","filled 1+2/3 inserts",1,"HIDS2220_IsoWater_20220716_DL","CZ17O-sw",Inf,0.235192866,0.470385732,7.297808692,Inf,0.583485875,1.16697175,-44.55703248,NA,-102.939502,"soil",2,-95.6025709014309,3.50719994791153,6.82348961896393,0.262244252526527,0.516893764630444,10.6756551983449,0.185434689288705,0.36549908612323,7.5488281843591,10.6756551983449,7.5488281843591,6.84682266499537
"117","sw46","ESGR-10-Dec21","ESGR-10-Dec21",10,NA,2021-12-12,"Julia","ESGR",NA,0.3,"8.58",2022-07-18,"Matthew","9.8","slight condensation ~20min. Filled 1 vial (~1.2mL)",1,"HIDS2220_IsoWater_20220716_DL","CZ17O-sw",NA,0.186629664,0.373259328,-10.2407175,NA,0.588698467,1.177396933,-78.29043805,NA,3.635301955,"soil",2,14.3235536821926,-5.39150068811686,-10.2383034882558,0.00872338686441316,0.0202889084773393,1.98915681162436,0.0061683660067402,0.0143464247671998,1.406546270343,8.3,5.86898628384834,-10.1860704702459
"118","sw47","ESGR-50-Dec21","ESGR-50-Dec21",50,NA,2021-12-12,"Julia","ESGR",NA,0.3,"8.58",2022-07-18,"Matthew","9.5","slight condensation during 1st 30min, filled 1 vial (~1.2mL)",1,"HIDS2220_IsoWater_20220716_DL","CZ17O-sw",NA,0.192563644,0.385127287,-8.458653486,Inf,0.557794864,1.115589728,-61.97172578,NA,5.697502103,"soil",NA,NA,NA,NA,NA,NA,NA,NA,NA,NA,NA,NA,NA
"119","sw48","JOR-CSAND-1-15-Oct21sw","JOR-CSAND-1-15",15,NA,2021-10-20,"Julia, Naomi and Lixin","JOR","CSAND",0.07,"25",2022-07-22,"julia","26","repeat of the same vial; 2 inserts mostly full",1,"HIDS2220_IsoWater_20220809_141501","CZ17O-sw",Inf,0.264491454,0.528982908,9.316676195,NA,0.843404291,1.686808582,-15.80347833,NA,-88.85620412,"soil",NA,NA,NA,NA,NA,NA,NA,NA,NA,NA,NA,NA,NA
"120","sw49","JOR-CSAND-1-80-Oct21sw","JOR-CSAND-1-80",80,NA,2021-10-20,"Julia, Naomi and Lixin","JOR","CSAND",0.09,"25",2022-07-22,"julia","27.5","collected 0.6 g of water, filled 1.5 inserts (lost some sample due to malfunctioning insert)",1,"HIDS2220_IsoWater_20220809_141501","CZ17O-sw",Inf,0.240578799,0.481157598,2.899134066,Inf,0.69546059,1.390921181,-37.44485627,NA,-63.97051393,"soil",NA,NA,NA,NA,NA,NA,NA,NA,NA,NA,NA,NA,NA
"121","sw5","MOJ-CRS-56-Oct21sw","MOJ-CRS-56",56,"50-56",2021-10-17,"Julia, Naomi and Ron","MOJ","CRS",0.03,"66",2022-06-13,"Julia",NA,"2 vials with inserts, one half full",1,"HIDS2220_IsoWater_20220710_145042","CZ17O-sw",Inf,0.210405796,0.420811592,3.917757436,NA,0.540585796,1.081171592,-34.57581129,NA,-65.91787078,"soil",NA,NA,NA,NA,NA,NA,NA,NA,NA,NA,NA,NA,NA
"122","sw50","JOR-CSAND-3-20-Jun22sw","JOR-CSAND-3-20",20,NA,2022-06-06,"Christian Leach, Elizabeth Gardea","JOR","CSAND",0.05,"25",2022-07-26,"Julia","28.1","filled one insert",1,"HIDS2220_IsoWater_20220809_141501","CZ17O-sw",Inf,0.307209118,0.614418236,10.78113297,NA,0.870825309,1.741650617,-30.47743688,NA,-119.5725024,"soil",2,-146.897000529966,5.49502361960116,10.6854557199453,0.00918390397197571,0.0126175634497917,2.52183047050083,0.0064940007763501,0.00892196467739925,1.783203426694,8.3,5.86898628384834,10.7427490886585
"123","sw51","JOR-CSAND-3-50-Jun22sw","JOR-CSAND-3-50",50,NA,2022-06-06,"Christian Leach, Elizabeth Gardea","JOR","CSAND",0.05,"25",2022-07-26,"Julia","21.8","filled one insert",1,"HIDS2220_IsoWater_20220809_141501","CZ17O-sw",NA,0.276840037,0.553680074,7.981901301,NA,0.783619629,1.567239258,-34.0195082,NA,-102.0896449,"soil",NA,NA,NA,NA,NA,NA,NA,NA,NA,NA,NA,NA,NA
"124","sw52","MOJ-JT-90-Oct21sw","MOJ-JT-90",90,"80-90",2021-10-16,"Julia, Naomi and Ron","MOJ","JT",0.05,"25",2022-08-15,"Matthew","23","two vials with inserts",1,"HIDS2220_IsoWater_20220909_134319","CZ17O-sw",NA,0.186216594,0.372433188,-3.268413386,NA,0.546909145,1.09381829,-65.36936007,NA,-39.22205299,"soil",NA,NA,NA,NA,NA,NA,NA,NA,NA,NA,NA,NA,NA
"125","sw53","ESGR-43-Oct20","ESGR-43-Oct20",43,"37 to 43",2020-10-19,"Julia Tyler","ESGR",NA,0.25,"10.296",2022-08-15,"Matthew","9.9","filled most of an insert",1,"HIDS2220_IsoWater_20220909_134319","CZ17O-sw",Inf,0.181341288,0.362682577,-6.636767412,Inf,0.463029185,0.926058369,-50.63699875,NA,2.457140544,"soil",NA,NA,NA,NA,NA,NA,NA,NA,NA,NA,NA,NA,NA
"126","sw54","ESGR-30-Jun22","ESGR-30-Jun22",30,NA,2022-06-13,"Julia and Matthrew","ESGR",NA,0.25,"10.296",2022-08-16,"Matthew","10.9","filled 2.5 inserts",1,"HIDS2220_IsoWater_20220909_134319","CZ17O-sw",NA,0.184296112,0.368592224,-5.817010143,NA,0.473329435,0.946658871,-36.80050642,NA,9.735574723,"soil",NA,NA,NA,NA,NA,NA,NA,NA,NA,NA,NA,NA,NA
"127","sw56","ESGR-10-Jul22","ESGR-10-Jul22",10,NA,2022-07-26,"Julia","ESGR","in CO2 meter pit",0.3,"8.58",2022-08-16,"Matthew","8.8","filled 1/2 vial ~1.2mL",1,"HIDS2220_IsoWater_20220909_134319","CZ17O-sw",Inf,0.179546126,0.359092253,-6.512941293,NA,0.455452269,0.910904537,-44.63107386,NA,7.472456482,"soil",NA,NA,NA,NA,NA,NA,NA,NA,NA,NA,NA,NA,NA
"128","sw57","ESGR-25-Jul22","ESGR-25-Jul22",25,NA,2022-07-26,"Julia","ESGR","in CO2 meter pit",0.3,"8.58",2022-08-16,"Matthew","11.3","filled 1 vial ~1.5mL",1,"HIDS2220_IsoWater_20220909_134319","CZ17O-sw",NA,0.19249849,0.38499698,-8.381675938,Inf,0.510984434,1.021968869,-58.23963599,NA,8.813771519,"soil",NA,NA,NA,NA,NA,NA,NA,NA,NA,NA,NA,NA,NA
"130","sw59","JOR-CSAND-3-10-Jun22sw","JOR-CSAND-3-10",10,NA,2022-06-06,"Christian Leach, Elizabeth Gardea","JOR","CSAND",0.05,"25",2022-08-17,"Matthew","23.1","filled most of an insert, condensation ~30min in",1,"HIDS2220_IsoWater_20220909_134319","CZ17O-sw",NA,0.197029007,0.394058013,6.580253006,Inf,0.463273825,0.926547649,-45.10590844,NA,-97.74793249,"soil",NA,NA,NA,NA,NA,NA,NA,NA,NA,NA,NA,NA,NA
"131","sw6","ESGR-20-Jun22sw","ESGR-20-Jun22",20,NA,2022-06-13,"Julia and Matthrew","ESGR",NA,NA,NA,2022-06-14,"Julia",NA,"1.1 mL of water in 1 vial",1,"HIDS2220_IsoWater_20220710_145042","CZ17O-sw",NA,0.194807973,0.389615947,-7.159037104,NA,0.623218809,1.246437618,-47.64626418,NA,9.626032657,"soil",2,23.377583143273,-3.9545780352321,-7.53400685298366,0.0618523371509525,0.124928631305235,4.1099801782103,0.0437362070316751,0.0883378823602854,2.9061948545548,8.3,5.86898628384834,-7.50569736259799
"132","sw60","ESGR-45-Nov20","ESGR-45-Nov20",45,"35 to 45",2020-11-16,"Julia Tyler","ESGR",NA,0.25,"10.296",2022-08-17,"Matthew","9.9","filled 1/2 vial ~.9mL",1,"HIDS2220_IsoWater_20220909_134319","CZ17O-sw",NA,0.180257542,0.360515084,-7.702286446,NA,0.420348123,0.840696246,-58.59005766,NA,3.028233904,"soil",NA,NA,NA,NA,NA,NA,NA,NA,NA,NA,NA,NA,NA
"134","sw62","MOJ-CRS-72-Jan22sw","MOJ-CRS-72",72,NA,2022-01-18,"Julia, Jane, Keith","MOJ","CRS",0.05,"52",2022-08-18,"Matthew","32.7","filled most of 2 inserts",1,"HIDS2220_IsoWater_20220909_134319","CZ17O-sw",NA,0.199681101,0.399362201,0.073473989,Inf,0.466432856,0.932865713,-47.89198893,NA,-48.47978084,"soil",2,-30.9291763634771,-0.00989930434861668,0.0398293030584479,0.0136615640427518,0.0217577080396778,2.17349419780191,0.00966018457624412,0.0153850228979333,1.53689248613535,8.3,5.86898628384834,0.039830096255633
"135","sw63","MOJ-JT-32-Jan22sw","MOJ-JT-32",32,NA,2022-01-18,"Julia, Jane, Keith","MOJ","JT",0.07,"entire tube",2022-08-18,"Matthew","28.6","began to condense, stopped it before got to ultratorr, filled most of a vial ~1.5mL",1,"HIDS2220_IsoWater_20220909_134319","CZ17O-sw",Inf,0.180337838,0.360675676,-5.324777686,Inf,0.413829329,0.827658658,-67.40199794,NA,-24.80377645,"soil",NA,NA,NA,NA,NA,NA,NA,NA,NA,NA,NA,NA,NA
"136","sw64","MOJ-JT-92-Jan22sw","MOJ-JT-92",92,NA,2022-01-18,"Julia, Jane, Keith","MOJ","JT",0.07,"entire tube",2022-08-18,"Matthew","35.4","filled 2 inserts",1,"HIDS2220_IsoWater_20220909_134319","CZ17O-sw",NA,0.191300506,0.382601012,-4.723842911,NA,0.56281199,1.12562398,-70.54690638,NA,-32.7561631,"soil",NA,NA,NA,NA,NA,NA,NA,NA,NA,NA,NA,NA,NA
"137","sw65","ESGR-50-Jul22","ESGR-50-Jul22",50,NA,2022-07-26,"Julia","ESGR","in CO2 meter pit",0.3,"8.58",2022-08-18,"Matthew","11.8","filled 1 insert",1,"HIDS2220_IsoWater_20220909_134319","CZ17O-sw",Inf,0.172645039,0.345290078,-5.680423316,NA,0.483366412,0.966732825,-35.7084109,NA,9.734975627,"soil",NA,NA,NA,NA,NA,NA,NA,NA,NA,NA,NA,NA,NA
"138","sw66","NG-J-25-Aug21sw","NG-J-25",25,NA,2021-08-17,"Julia&Naomi","REY","NancyGulch",0.05,"25",2022-08-19,"Matthew","20.6","condensation 10 min in, filled a vial ~1.5mL",1,"HIDS2220_IsoWater_20220909_134319","CZ17O-sw",Inf,0.180158173,0.360316345,-5.514534125,Inf,0.510804421,1.021608841,-91.3956751,NA,-47.2794021,"soil",NA,NA,NA,NA,NA,NA,NA,NA,NA,NA,NA,NA,NA
"139","sw67","NG-M-13-Jun22sw","NG-M-13",13,"0-13",2022-06-01,"Dylan Thompson, Mark Robbins","REY","NancyGulch",0.1,"25",2022-08-30,"Matthew","17.7","filled 1 vial ~1.5mL, condensation ~10min in",1,"HIDS2220_IsoWater_20220909_134319","CZ17O-sw",NA,0.243346224,0.486692448,-8.893758384,NA,0.734293414,1.468586828,-105.1183224,NA,-33.96825535,"soil",NA,NA,NA,NA,NA,NA,NA,NA,NA,NA,NA,NA,NA
"140","sw68","MOJ-JT-56-May22sw","MOJ-JT-56",56,"46 to 56",2022-05-15,"Julia, Miriam","MOJ","JT",0.05,"25",2022-08-30,"Matthew","26.7","filled 2 inserts",1,"HIDS2220_IsoWater_20220909_134319","CZ17O-sw",NA,0.202471534,0.404943069,-1.035525972,Inf,0.735308466,1.470616932,-56.1200532,NA,-47.83584542,"soil",NA,NA,NA,NA,NA,NA,NA,NA,NA,NA,NA,NA,NA
"141","sw69","NG-B-12-Nov21sw","NG-B-12",12,"0-12",2021-11-14,"Kyle LaCoursiere","REY","NancyGulch",0.05,"25",2022-09-06,"Matthew","17.6","half a vial filled ~1mL",1,"HIDS2220_IsoWater_20220909_134319","CZ17O-sw",NA,0.187484028,0.374968056,-4.92139756,NA,0.527715293,1.055430586,-91.68365014,NA,-52.31246967,"soil",2,-40.0740727300844,-2.67351966652411,-4.98758635188263,0.0166238756860175,0.0207752189860338,5.65456006138669,0.0117548552271851,0.01469029822566,3.99837776403315,8.3,5.86898628384834,-4.97516899586326
"142","sw7","JOR-CSAND-1-15-Oct21sw","JOR-CSAND-1-15",15,NA,2021-10-20,"Julia, Naomi and Lixin","JOR","CSAND",0.1,"20",2022-06-14,"julia","20","2 vials with inserts, one half full",1,"HIDS2220_IsoWater_20220710_145042","CZ17O-sw",Inf,0.220489825,0.44097965,9.730487865,Inf,0.636087137,1.272174274,-14.08071214,NA,-91.92461505,"soil",2,-92.1219298538269,4.73176672316757,9.13615275193447,0.0508628246635518,0.0898892456090613,3.40130298197019,0.0359654482298999,0.0635612951259103,2.40508440342115,8.3,5.86898628384834,9.17801478434188
"143","sw70","ESGR-10-Sep22sw","ESGR-10-Sep22",10,NA,2022-09-03,"Matthew and Miriam","ESGR",NA,0.3,"8.58",2022-09-12,"Miriam and Julia","9.1","two vials with inserts",2,"HIDS2220_IsoWater_20221114_200139","CZ17O-sw",0.42221337,0.298549937,0.597099874,-5.118870684,0.008097653,0.005725905,0.01145181,-45.34403615,3.369609307,-4.393070673,"soil",NA,NA,NA,NA,NA,NA,NA,NA,NA,NA,NA,NA,NA
"144","sw72","MOJ-JT-23-May22sw","MOJ-JT-23",23,"14 to 23",2022-05-15,"Julia, Miriam","MOJ","JT",0.05,"25",2022-09-13,"Miriam Matthew Julia","26.4","two vials with inserts, one with minor headspace",2,"HIDS2220_IsoWater_20221114_200139","CZ17O-sw",0.020945068,0.014810399,0.029620799,2.772187688,1.605734083,1.135425459,2.270850918,-50.38543605,1.438173541,-72.56293755,"soil",NA,NA,NA,NA,NA,NA,NA,NA,NA,NA,NA,NA,NA
"145","sw74","MOJ-CRS-11-May22sw","MOJ-CRS-11",11,"0-11",2022-05-15,"Julia, Miriam","MOJ","CRS",0.05,"25",2022-07-16,"Miriam","26.2","insert 1/2 filled",1,"HIDS2220_IsoWater_20221208_202456","CZ17O-sw",NA,0.559504233,1.119008465,9.870893109,NA,1.795362473,3.590724946,-41.28101995,NA,-120.2481648,"soil",NA,NA,NA,NA,NA,NA,NA,NA,NA,NA,NA,NA,NA
"146","sw75","MOJ-CRS-36-Oct21sw","MOJ-CRS-36",36,"30-36",2021-10-17,"Julia, Naomi and Ron","MOJ","CRS",0.04,"25",2022-09-16,"MIriam","27.9",NA,2,"HIDS2220_IsoWater_20221114_200139","CZ17O-sw",0.004348555,0.003074892,0.006149785,5.367402106,1.836438118,1.298557847,2.597115694,-25.6678184,1.871226555,-68.60703525,"soil",NA,NA,NA,NA,NA,NA,NA,NA,NA,NA,NA,NA,NA
"147","sw76","JOR-CSAND-2-69-Mar22sw","JOR-CSAND-2-69",69,NA,2022-03-22,"Julia, Christian Leach, Elizabeth","JOR","CSAND",0.06,"25",2022-09-16,"Miriam","25.1","filled 1 1/2 inserts",2,"HIDS2220_IsoWater_20221114_200139","CZ17O-sw",0.10883375,0.076957083,0.153914165,0.986088305,1.683272515,1.19025341,2.38050682,-41.36372898,0.812602514,-49.25243541,"soil",NA,NA,NA,NA,NA,NA,NA,NA,NA,NA,NA,NA,NA
"148","sw77","ESGR-25-Sept22sw","ESGR-25-Sep22",25,NA,2022-09-03,"Matthew and Miriam","ESGR",NA,0.3,"9",2022-09-19,"Miriam","10.3","filled one insert",2,"HIDS2220_IsoWater_20221114_200139","CZ17O-sw",0.007801191,0.005516275,0.01103255,-4.663818207,2.612526032,1.847334873,3.694669747,-32.41644841,2.674935561,4.894097243,"soil",2,33.1376219264202,-2.75646880607185,-5.2833455075725,0.0202797273706272,0.032019629358712,3.37336306922371,0.0143399327443849,0.0226412970506251,2.38532790165235,8.3,5.86898628384834,-5.26941318492014
"149","sw78","NG-B-30-Nov21sw","NG-B-30",30,"25-30",2021-11-14,"Kyle LaCoursiere","REY","NancyGulch",0.05,"25",2022-09-20,"Matthew","26","condensed 10min in, filled 1.5 vials ~3mL",1,"HIDS2220_IsoWater_20221114_200139","CZ17O-sw",NA,0.452099645,0.904199291,-5.680252022,NA,1.422348454,2.844696907,-97.57478645,NA,-52.13277027,"soil",NA,NA,NA,NA,NA,NA,NA,NA,NA,NA,NA,NA,NA
"150","sw79","ESGR-25cm-Aug21sw","ESGR-25-Aug21",25,NA,2021-08-11,"Julia","ESGR",NA,0.25,"15",2022-09-20,"Miriam","17.2","1 insert filled",1,"HIDS2220_IsoWater_20221114_200139","CZ17O-sw",NA,0.180996492,0.361992983,-5.242018075,NA,0.446291249,0.892582498,-31.29294793,NA,10.64319667,"soil",NA,NA,NA,NA,NA,NA,NA,NA,NA,NA,NA,NA,NA
"151","sw80","ESGR-10cm-Sept21sw","ESGR-10-Sep21",10,"10",2021-09-03,"Julia Margaret Natalie","ESGR",NA,0.3,"8.58",2022-09-20,"Miriam","11","1 1/4 inserts filled, hit 45 mTorr after an hour!",1,"HIDS2220_IsoWater_20221114_200139","CZ17O-sw",NA,0.174987465,0.349974931,-3.451336027,NA,0.560595791,1.121191583,-14.25124973,NA,13.35943849,"soil",NA,NA,NA,NA,NA,NA,NA,NA,NA,NA,NA,NA,NA
"152","sw81","NG-D-12-Aug22sw","NG-D-12",12,"0-12",2022-08-19,"Scott Robbins","REY","NancyGulch",0.15,"8",2022-09-22,"Miriam","8.5","2 1/2 inserts filled, no condensation",1,"HIDS2220_IsoWater_20221114_200139","CZ17O-sw",Inf,0.388564495,0.777128991,-4.868230541,NA,1.472421884,2.944843768,-56.18215514,NA,-17.23631081,"soil",NA,NA,NA,NA,NA,NA,NA,NA,NA,NA,NA,NA,NA
"153","sw82","NG-D-20-Aug22","NG-D-20",20,"12 to 20",2022-08-19,"Scott Robbins","REY","NancyGulch",0.15,"8",2022-09-23,"Miriam","8.2","2 and 1/2 inserts filled, no condensation",1,"HIDS2220_IsoWater_20221114_200139","CZ17O-sw",Inf,0.172587108,0.345174217,-6.213121606,Inf,0.47067154,0.94134308,-72.82114273,NA,-23.11616988,"soil",NA,NA,NA,NA,NA,NA,NA,NA,NA,NA,NA,NA,NA
"154","sw83","NG-M-38-Jun22sw","NG-M-38",38,"30-38",2022-06-01,"Dylan Thompson, Mark Robbins","REY","NancyGulch",0.1,"15",2022-09-23,"Miriam","9.7","1 vial and 3/4 insert filled, no condensation",1,"HIDS2220_IsoWater_20221114_200139","CZ17O-sw",NA,0.179204729,0.358409457,-9.126935545,NA,0.392396122,0.784792244,-106.9460788,NA,-33.93059442,"soil",NA,NA,NA,NA,NA,NA,NA,NA,NA,NA,NA,NA,NA
"155","sw84","ESGR-50-Sep22","ESGR-50-Sep22",50,NA,2022-09-03,"Matthew and Miriam","ESGR","marker 3",0.3,"8.58",2022-09-23,"Miriam","11.3","11.3g soil, 1 insert filled",1,"HIDS2220_IsoWater_20221114_200139","CZ17O-sw",NA,0.175240017,0.350480034,-6.856628262,NA,0.49629564,0.99259128,-45.62859997,NA,9.224426127,"soil",2,44.0191257710776,-3.89636446031655,-7.46284770092355,0.0437450211908581,0.0677309062273648,7.98310270281049,0.030932401127205,0.0478929830892798,5.64490605606595,8.3,5.86898628384834,-7.4350697967287
"156","sw85","ESGR-25-Dec21sw","ESGR-25-Dec21",25,NA,2021-12-12,"Julia","ESGR",NA,0.3,"8.58",2022-09-26,"Miriam","13.5","filled one vial",1,"HIDS2220_IsoWater_20221114_200139","CZ17O-sw",NA,0.33371481,0.667429621,-8.83609398,NA,1.217939691,2.435879383,-68.22864982,NA,2.460102013,"soil",NA,NA,NA,NA,NA,NA,NA,NA,NA,NA,NA,NA,NA
"157","sw86","JOR-CSAND-4-10-Sep22sw","JOR-CSAND-4-10",10,"0 to 10",2022-09-09,"Christian Leach","JOR","CSAND",0.05,"25",2022-09-27,"Matthew","23.8","forgot to weigh end mass of soil tube. Filled around 2 inserts",1,"HIDS2220_IsoWater_20221114_200139","CZ17O-sw",Inf,0.186540941,0.373081882,3.901709044,NA,0.541196343,1.082392685,-40.07746179,NA,-71.29113415,"soil",2,-38.663468118672,1.7331595369029,3.35572538829843,0.13780660347974,0.270561823658614,5.05003941201248,0.09744398381281,0.191316100239205,3.57091711349335,8.3,5.86898628384834,3.3613621381039
"158","sw87","MOJ-CRS-5-Sep22sw","MOJ-CRS 0 to 5",5,"0 to 5",2022-09-16,"Julia, Jane, Keith Kelson","MOJ","CRS",0.1,"25",2022-09-27,"Miriam","24.9","filled 1 1/2 inserts",1,"HIDS2220_IsoWater_20221114_200139","CZ17O-sw",NA,0.191632978,0.383265955,0.929776126,NA,0.418773309,0.837546618,-48.19087422,NA,-55.62908323,"soil",NA,NA,NA,NA,NA,NA,NA,NA,NA,NA,NA,NA,NA
"159","sw88","MOJ-CRS-17-Sep22sw","MOJ-CRS-17",17,"0 to 17",2022-09-16,"Julia, Jane, Keith Kelson","MOJ","CRS",0.04,"25",2022-09-27,"Miriam","26.2","filled 1 1/4 insert",1,"HIDS2220_IsoWater_20221114_200139","CZ17O-sw",NA,0.181122957,0.362245913,3.168296014,NA,0.447692624,0.895385248,-27.80933946,NA,-53.15570757,"soil",2,-76.4299859309658,1.31044230088412,2.6266520583619,0.0218235467301845,0.0470925739141512,3.04133229648994,0.015431577882455,0.033299478358225,2.15054669068969,8.3,5.86898628384834,2.63010473120806
"160","sw9","JOR-CSAND-1-61-Oct21sw-repeat","JOR-CSAND-1-61",61,NA,2021-10-20,"Julia, Naomi and Lixin","JOR","CSAND",0.1,NA,2022-06-15,"julia","20","0.6 g of water in 2mL vial",1,"HIDS2220_IsoWater_20220710_145042","CZ17O-sw",NA,0.194147752,0.388295504,1.848155817,Inf,0.458095148,0.916190296,-38.86254362,NA,-53.64779015,"soil",2,-42.6030596500383,0.716762655534573,1.4381926423951,0.00713873710392165,0.0114949435150031,1.06940692800131,0.00504784941529102,0.00812815250881504,0.756184890637602,8.3,5.86898628384834,1.4392273374042
"161","sw90","MOJ-JT-5-Sep22sw","MOJ-JT-5",5,"0 to 5",2022-09-16,"Julia, Jane, Keith Kelson","MOJ","JT",0.1,"25",2022-09-27,"Miriam","22.7",NA,1,"HIDS2220_IsoWater_20221114_200139","CZ17O-sw",NA,0.181381573,0.362763145,5.624950938,NA,0.396782599,0.793565199,-44.74109444,NA,-89.74070194,"soil",NA,NA,NA,NA,NA,NA,NA,NA,NA,NA,NA,NA,NA
"162","sw91","MOJ-JT-20-Sep22sw","MOJ-JT-20",20,"0 to 20",2022-09-16,"Julia, Jane, Keith Kelson","MOJ","JT",0.1,"25",2022-09-27,"Miriam","16","filled 2 inserts",1,"HIDS2220_IsoWater_20221114_200139","CZ17O-sw",NA,0.191436308,0.382872616,-5.967329233,NA,0.44264083,0.885281659,-51.26804097,NA,-3.529407109,"soil",2,24.1374163873347,-3.48836241976962,-6.65246181090331,0.0267286940501903,0.0337087917576011,8.93045200218034,0.0189000408151501,0.0238357152374049,6.3147831698027,8.93045200218034,6.3147831698027,-6.63038317305842
"163","sw92","JOR-CSAND-4-59-Sep22sw","JOR-CSAND-4-59",59,"50 to 59",2022-09-09,"Christian Leach","JOR","CSAND",0.05,"25",2022-10-04,"Matthew","25.4","filled 2 inserts",1,"HIDS2220_IsoWater_20221114_200139","CZ17O-sw",NA,0.200483653,0.400967306,3.137250617,Inf,0.495228785,0.99045757,-28.61898927,NA,-53.71699421,"soil",NA,NA,NA,NA,NA,NA,NA,NA,NA,NA,NA,NA,NA
"164","sw93","MOJ-JT-65-Sep22sw","MOJ-JT-65",65,"50 to 65",2022-09-16,"Julia, Jane, Keith Kelson","MOJ","JT",0.05,"25",2022-10-10,"Miriam","25.1","filled 1 and 3/4 inserts",1,"HIDS2220_IsoWater_20221114_200139","CZ17O-sw",Inf,0.186254015,0.372508029,-1.233201735,Inf,0.556186214,1.112372427,-54.47927877,NA,-44.61366488,"soil",2,-2.50396708898765,-0.912073269758654,-1.72266913384406,0.00343392784643144,0.0130155723392391,3.43829434868695,0.00242815366631699,0.00920339946210003,2.43124124967192,8.3,5.86898628384834,-1.7211861910339
"165","sw94","MOJ-PJ-5-Sep22sw","MOJ-PJ-5",5,"0 to 5",2022-09-17,"Julia, Jane, Keith Kelson","MOJ","PJ",0.1,"25",2022-10-11,"Miriam","24.4","filled 3/4 insert",1,"HIDS2220_IsoWater_20221114_200139","CZ17O-sw",NA,0.190612954,0.381225908,2.609932702,NA,0.406781403,0.813562805,-47.26730133,NA,-68.14676295,"soil",NA,NA,NA,NA,NA,NA,NA,NA,NA,NA,NA,NA,NA
"166","sw95","MOJ-PJ-63-Sep22sw","MOJ-PJ-63",63,"54 to 63",2022-09-17,"Julia, Jane, Keith Kelson","MOJ","PJ",0.1,"25",2022-10-11,"Matthew","25.5","Failed first leak check, passed 2nd. Two inserts",1,"HIDS2220_IsoWater_20221114_200139","CZ17O-sw",NA,0.170351958,0.340703916,-3.824775884,Inf,0.417474547,0.834949095,-63.94832605,NA,-33.35011897,"soil",NA,NA,NA,NA,NA,NA,NA,NA,NA,NA,NA,NA,NA
"167","sw96","MOJ-PJ-15-Sep22sw","MOJ-PJ-15",15,"15 to 24",2022-09-17,"Julia, Jane, Keith Kelson","MOJ","PJ",0.1,"25",2022-10-11,"Miriam","24.1","filled 1 and 3/4 insert",1,"HIDS2220_IsoWater_20221114_200139","CZ17O-sw",NA,0.187273449,0.374546898,1.924679355,NA,0.569260187,1.138520373,-30.54448825,NA,-45.94192309,"soil",NA,NA,NA,NA,NA,NA,NA,NA,NA,NA,NA,NA,NA
"168","sw97","MOJ-CRS-31-May22sw","MOJ-CRS-31",31,"23 to 31",2022-05-15,"Julia, Miriam","MOJ","CRS",0.05,"25",2022-10-14,"Miriam","26.1","filled 3/4 insert, had soil on bottom of water tube",2,"HIDS2220_IsoWater_20221114_200139","CZ17O-sw",0.015467778,0.01093737,0.021874741,8.117092653,0.485269423,0.3431373,0.686274599,-25.58473023,0.361527203,-90.52147146,"soil",NA,NA,NA,NA,NA,NA,NA,NA,NA,NA,NA,NA,NA
"169","sw98","MOJ-PJ-24-May22sw","MOJ-PJ-24",24,"13 to 24",2022-05-16,"Julia, Miriam","MOJ","PJ",0.06,"25",2022-10-14,"Miriam","25.4","filled 2 inserts, had soil on bottom of water tube",1,"HIDS2220_IsoWater_20221114_200139","CZ17O-sw",Inf,0.176459331,0.352918661,-2.015682415,NA,0.475665736,0.951331472,-54.99914608,NA,-38.87368676,"soil",NA,NA,NA,NA,NA,NA,NA,NA,NA,NA,NA,NA,NA
